TV,Radio,Jornal,previsao
23.1,3.8,69.2,7.202000000000001
44.5,0.0,5.1,8.558000000000003
170.2,45.9,0.0,19.725999999999992
