produtos,preco_original,Moeda,cotacao,preco_compra,margem,preco_venda
Câmera Canon,999.99,Dólar,5.5291,5529.044709,1.4,7740.662592599999
Carro Renault,4500.0,Euro,6.334789393,28506.552268500003,2.0,57013.10453700001
Notebook Dell,899.99,Dólar,5.5291,4976.134709,1.7,8459.4290053
IPhone,799.0,Dólar,5.5291,4417.7509,1.7,7510.17653
Carro Fiat,3000.0,Euro,6.334789393,19004.368179,1.9,36108.2995401
Celular Xiaomi,480.48,Dólar,5.5291,2656.621968,2.0,5313.243936
Joia 20g,20.0,Ouro,323.9,6478.0,1.15,7449.7
